Time(Hours);EntityID;ObjectName;ProcessID;StepName;Action
0;--;--;--;--;Unable to evaluate status expression for graphic.
0;--;--;--;--;Division by zero error occurred while evaluating expression.
0;--;--;--;--;Unable to evaluate status expression for graphic.
0;--;--;--;--;Division by zero error occurred while evaluating expression.
0;--;--;--;--;Unable to evaluate status expression for graphic.
0;--;--;--;--;Division by zero error occurred while evaluating expression.
0;--;--;--;--;Unable to evaluate status expression for graphic.
0;--;--;--;--;Division by zero error occurred while evaluating expression.
0;--;--;--;--;Unable to evaluate status expression for graphic.
0;--;--;--;--;Division by zero error occurred while evaluating expression.
0;--;--;--;--;Unable to evaluate status expression for graphic.
0;--;--;--;--;Division by zero error occurred while evaluating expression.
0;--;--;--;--;Unable to evaluate status expression for graphic.
0;--;--;--;--;Division by zero error occurred while evaluating expression.
0;--;--;--;--;Unable to evaluate status expression for graphic.
0;--;--;--;--;Division by zero error occurred while evaluating expression.
0;--;--;--;--;Unable to evaluate status expression for graphic.
0;--;--;--;--;Division by zero error occurred while evaluating expression.
0;--;--;--;--;Unable to evaluate status expression for graphic.
0;--;--;--;--;Division by zero error occurred while evaluating expression.
0;--;--;--;--;Unable to evaluate status expression for graphic.
0;--;--;--;--;Division by zero error occurred while evaluating expression.
0;--;--;--;--;Unable to evaluate status expression for graphic.
0;--;--;--;--;Division by zero error occurred while evaluating expression.
0;--;--;--;--;Unable to evaluate status expression for graphic.
0;--;--;--;--;Division by zero error occurred while evaluating expression.
0;--;--;--;--;Unable to evaluate status expression for graphic.
0;--;--;--;--;Division by zero error occurred while evaluating expression.
0;--;--;--;--;Unable to evaluate status expression for graphic.
0;--;--;--;--;Division by zero error occurred while evaluating expression.
0;--;--;--;--;Unable to evaluate status expression for graphic.
0;--;--;--;--;Division by zero error occurred while evaluating expression.
0;--;--;--;--;Unable to evaluate status expression for graphic.
0;--;--;--;--;Division by zero error occurred while evaluating expression.
0;--;--;--;--;Unable to evaluate status expression for graphic.
0;--;--;--;--;Division by zero error occurred while evaluating expression.
0;--;--;--;--;Unable to evaluate status expression for graphic.
0;--;--;--;--;Division by zero error occurred while evaluating expression.
0;--;--;--;--;Unable to evaluate status expression for graphic.
0;--;--;--;--;Division by zero error occurred while evaluating expression.
0;--;--;--;--;Unable to evaluate status expression for graphic.
0;--;--;--;--;Division by zero error occurred while evaluating expression.
0;--;--;--;--;Unable to evaluate status expression for graphic.
0;--;--;--;--;Division by zero error occurred while evaluating expression.
0;--;--;--;--;Unable to evaluate status expression for graphic.
0;--;--;--;--;Division by zero error occurred while evaluating expression.
0;--;--;--;--;Unable to evaluate status expression for graphic.
0;--;--;--;--;Division by zero error occurred while evaluating expression.
0;--;--;--;--;Unable to evaluate status expression for graphic.
0;--;--;--;--;Division by zero error occurred while evaluating expression.
0;--;--;--;--;Unable to evaluate status expression for graphic.
0;--;--;--;--;Division by zero error occurred while evaluating expression.
0;--;--;--;--;Unable to evaluate status expression for graphic.
0;--;--;--;--;Division by zero error occurred while evaluating expression.
0;--;--;--;--;Unable to evaluate status expression for graphic.
0;--;--;--;--;Division by zero error occurred while evaluating expression.
0;--;--;--;--;Unable to evaluate status expression for graphic.
0;--;--;--;--;Division by zero error occurred while evaluating expression.
0;--;--;--;--;Unable to evaluate status expression for graphic.
0;--;--;--;--;Division by zero error occurred while evaluating expression.
0;--;--;--;--;Unable to evaluate status expression for graphic.
0;--;--;--;--;Division by zero error occurred while evaluating expression.
0;--;--;--;--;Unable to evaluate status expression for graphic.
0;--;--;--;--;Division by zero error occurred while evaluating expression.
0;--;--;--;--;Unable to evaluate status expression for graphic.
0;--;--;--;--;Division by zero error occurred while evaluating expression.
0;--;--;--;--;Unable to evaluate status expression for graphic.
0;--;--;--;--;Division by zero error occurred while evaluating expression.
0;--;--;--;--;Unable to evaluate status expression for graphic.
0;--;--;--;--;Division by zero error occurred while evaluating expression.
0;--;--;--;--;Unable to evaluate status expression for graphic.
0;--;--;--;--;Division by zero error occurred while evaluating expression.
0;--;--;--;--;Unable to evaluate status expression for graphic.
0;--;--;--;--;Division by zero error occurred while evaluating expression.
0;--;--;--;--;Unable to evaluate status expression for graphic.
0;--;--;--;--;Division by zero error occurred while evaluating expression.
0.000222222222222222;--;--;--;--;Unable to evaluate status expression for graphic.
0.000222222222222222;--;--;--;--;Division by zero error occurred while evaluating expression.
0.000222222222222222;--;--;--;--;Unable to evaluate status expression for graphic.
0.000222222222222222;--;--;--;--;Division by zero error occurred while evaluating expression.
0.000222222222222222;--;--;--;--;Unable to evaluate status expression for graphic.
0.000222222222222222;--;--;--;--;Division by zero error occurred while evaluating expression.
0.000222222222222222;--;--;--;--;Unable to evaluate status expression for graphic.
0.000222222222222222;--;--;--;--;Division by zero error occurred while evaluating expression.
0.000222222222222222;--;--;--;--;Unable to evaluate status expression for graphic.
0.000222222222222222;--;--;--;--;Division by zero error occurred while evaluating expression.
0.000222222222222222;--;--;--;--;Unable to evaluate status expression for graphic.
0.000222222222222222;--;--;--;--;Division by zero error occurred while evaluating expression.
0.000222222222222222;--;--;--;--;Unable to evaluate status expression for graphic.
0.000222222222222222;--;--;--;--;Division by zero error occurred while evaluating expression.
0.000222222222222222;--;--;--;--;Unable to evaluate status expression for graphic.
0.000222222222222222;--;--;--;--;Division by zero error occurred while evaluating expression.
0.000222222222222222;--;--;--;--;Unable to evaluate status expression for graphic.
0.000222222222222222;--;--;--;--;Division by zero error occurred while evaluating expression.
0.000222222222222222;--;--;--;--;Unable to evaluate status expression for graphic.
0.000222222222222222;--;--;--;--;Division by zero error occurred while evaluating expression.
0.000222222222222222;--;--;--;--;Unable to evaluate status expression for graphic.
0.000222222222222222;--;--;--;--;Division by zero error occurred while evaluating expression.
0.000222222222222222;--;--;--;--;Unable to evaluate status expression for graphic.
0.000222222222222222;--;--;--;--;Division by zero error occurred while evaluating expression.
0.000222222222222222;--;--;--;--;Unable to evaluate status expression for graphic.
0.000222222222222222;--;--;--;--;Division by zero error occurred while evaluating expression.
0.000222222222222222;--;--;--;--;Unable to evaluate status expression for graphic.
0.000222222222222222;--;--;--;--;Division by zero error occurred while evaluating expression.
0.000222222222222222;--;--;--;--;Unable to evaluate status expression for graphic.
0.000222222222222222;--;--;--;--;Division by zero error occurred while evaluating expression.
0.000222222222222222;--;--;--;--;Unable to evaluate status expression for graphic.
0.000222222222222222;--;--;--;--;Division by zero error occurred while evaluating expression.
0.000222222222222222;--;--;--;--;Unable to evaluate status expression for graphic.
0.000222222222222222;--;--;--;--;Division by zero error occurred while evaluating expression.
0.000222222222222222;--;--;--;--;Unable to evaluate status expression for graphic.
0.000222222222222222;--;--;--;--;Division by zero error occurred while evaluating expression.
0.000222222222222222;--;--;--;--;Unable to evaluate status expression for graphic.
0.000222222222222222;--;--;--;--;Division by zero error occurred while evaluating expression.
0.000222222222222222;--;--;--;--;Unable to evaluate status expression for graphic.
0.000222222222222222;--;--;--;--;Division by zero error occurred while evaluating expression.
0.000222222222222222;--;--;--;--;Unable to evaluate status expression for graphic.
0.000222222222222222;--;--;--;--;Division by zero error occurred while evaluating expression.
0.000222222222222222;--;--;--;--;Unable to evaluate status expression for graphic.
0.000222222222222222;--;--;--;--;Division by zero error occurred while evaluating expression.
0.000222222222222222;--;--;--;--;Unable to evaluate status expression for graphic.
0.000222222222222222;--;--;--;--;Division by zero error occurred while evaluating expression.
0.000222222222222222;--;--;--;--;Unable to evaluate status expression for graphic.
0.000222222222222222;--;--;--;--;Division by zero error occurred while evaluating expression.
0.000222222222222222;--;--;--;--;Unable to evaluate status expression for graphic.
0.000222222222222222;--;--;--;--;Division by zero error occurred while evaluating expression.
0.000222222222222222;--;--;--;--;Unable to evaluate status expression for graphic.
0.000222222222222222;--;--;--;--;Division by zero error occurred while evaluating expression.
0.000222222222222222;--;--;--;--;Unable to evaluate status expression for graphic.
0.000222222222222222;--;--;--;--;Division by zero error occurred while evaluating expression.
0.000222222222222222;--;--;--;--;Unable to evaluate status expression for graphic.
0.000222222222222222;--;--;--;--;Division by zero error occurred while evaluating expression.
0.000222222222222222;--;--;--;--;Unable to evaluate status expression for graphic.
0.000222222222222222;--;--;--;--;Division by zero error occurred while evaluating expression.
0.000222222222222222;--;--;--;--;Unable to evaluate status expression for graphic.
0.000222222222222222;--;--;--;--;Division by zero error occurred while evaluating expression.
0.000222222222222222;--;--;--;--;Unable to evaluate status expression for graphic.
0.000222222222222222;--;--;--;--;Division by zero error occurred while evaluating expression.
0.000222222222222222;--;--;--;--;Unable to evaluate status expression for graphic.
0.000222222222222222;--;--;--;--;Division by zero error occurred while evaluating expression.
0.000222222222222222;--;--;--;--;Unable to evaluate status expression for graphic.
0.000222222222222222;--;--;--;--;Division by zero error occurred while evaluating expression.
0.000222222222222222;--;--;--;--;Unable to evaluate status expression for graphic.
0.000222222222222222;--;--;--;--;Division by zero error occurred while evaluating expression.
0.000222222222222222;--;--;--;--;Unable to evaluate status expression for graphic.
0.000222222222222222;--;--;--;--;Division by zero error occurred while evaluating expression.
0.000222222222222222;--;--;--;--;Unable to evaluate status expression for graphic.
0.000222222222222222;--;--;--;--;Division by zero error occurred while evaluating expression.
0.000222222222222222;--;--;--;--;Unable to evaluate status expression for graphic.
0.000222222222222222;--;--;--;--;Division by zero error occurred while evaluating expression.

